942464121E433F5FFF0389B6015B296F8411D341	1.9.0.614	BitRaider
82F8D87C2E780A3491B4EC49575B2542DE2F0375	1.9.0.645	BitRaider
3E70AE41398D44836BFFE1971B728DF67E35568C	1.0.2447.0	BitRaider
0961DE7BA206421D087D45D0521E291F4B885389	1.0.2470.0	BitRaider
6467E9AF671796C9ECBBB568A9CB8B707D0B8DFD	1.10.1.1	BitRaider
4D394193827D09B1A2F0CC93143998FBFC835FD5	1.10.0.45	BitRaider
201504471BEDF04B263EF64439D86981FAE4B322	1.10.0.66	BitRaider
4A4B6E6EF14B9F5F5D3DD193CA6ED4625F62E61C	1.10.0.69	BitRaider
9D3C32A42EB7455C042D8C7A2BCE2C7607FF1965	1.10.0.68	BitRaider
F1C99B3DF9B57B5490F7E124D9183B6F90BA491D	1.10.0.83	BitRaider
0BC2C93BA0D4075D2B3A4B407D6B920FB553BA05	1.10.0.106	BitRaider
DFDD719C7F389305C362115DDE7B0C501D56A3DB	1.10.1.4	BitRaider
AA01514BFA14A01045C992A881296A9C3741A2B5	1.10.1.8	BitRaider
D4D5A76CBBAFD77E778151EC309D5C9DA190DC28	1.10.1.14	BitRaider
9E2D2692B145ACF852621A7EA49F718C1792310E	1.10.0.186	BitRaider
A5C77E84C1F83A32214DA89E44B4FBA3B4B7ACF2	1.10.0.253	BitRaider
840E647385B6DE0BC2A3B41FD942EF019F73AD27	1.10.0.299	BitRaider
8923A10DD299EB72FFA144EEF64926BF4C92E0B7	1.10.1.47	BitRaider
70C4B0DF77DA3FC272D9FDD5529D9284A34ECB01	1.10.0.469	BitRaider
D06EB18F3CF319526DE5F58E0FC33E717D15CCC3	1.10.0.609	BitRaider
26F20D918039C6214049668FA9ADFA35B9689E9E	1.10.0.623	BitRaider
B93109BC35A326C842009892FC6084E3DEC35F28	1.10.0.643	BitRaider
498D062C189F17267F5C96BCB8D0B0928FE53989	1.11.0.243	BitRaider
AC24635DC4890EAF4C2BA069248F19C6F55F5120	1.11.0.263	BitRaider
F53987F2E1127B7C84181CF9E432F77EE38529D2	1.11.0.281	
FD34FC91F014EFBD4CC15B7AAD691DA141992D92	1.11.0.292	
86BBA560C684E94663F8A6999E4E123B96B75AC9	1.11.0.312	
5D52C052757E1F18834E39E9EF966F8964AD86AF	1.11.0.322	
52DF1F0287932C3BC8E36375156123ED5F98C480	1.12.0.307	
2EE5358F3D7F60089272CB1E2DD5ADF5C96504ED	1.12.0.333	
75E66D68A0040C208EC6DF079D474DC92EC68029	1.12.0.413	
1BCC8DD89B5B54F91357B856A8B1C04EB069A717	1.12.0.514	
84CF038364C593041743F746C7CCFD63F1CA914D	1.12.0.534	
FF8F36F11CD11B9BE78C5A72C19DA4D2C629925D	1.13.0.65	
FD0422C997E027C42E8A1969C85CEA9D73B7AD44	1.13.0.132	
1EFBE544EB8D3EAFCD5D8D131B6FA77074952A3C	1.13.0.160	
E2322493C5E95096EB060BF34704BE87180EC073	1.13.0.254	
A684CD202C6E58597245127921436FD286184E16	1.14.0.65	
C7895FC3341DBE447D42ED76BF207549DA5CF3EF	1.14.0.159	
A787333A614CD9349BD778C4A041AD7983D28A28	1.14.0.149	
F1CD7B02AF6B1EEC6DFF2574F86CE21FA4DD8C27	1.14.0.229	
4D6A54C6CD5F94F39CBDA6D06343D793C66067F9	1.15.0.108	
38AD6E9A1AB09CBF7443B7702EA914A84837C459	1.15.0.185	
87162732FABAB45C4DCA0D9CB2F3B29887BA148D	1.15.0.199	
FC140B0EA4BCD007A19490D41A0E8573CDC4DEE8	1.16.0.27	
4476DF554E949D828E57681C112D6561AD204012	1.16.0.96	
BEEE0805DC99468B75EB87EFBE9C7C14C62F27C0	1.16.0.205	
7D10D449D3E5AEB03CBCB4AFA9E486440A8A9081	1.16.0.280	
08DFDC895C2E093BDEA2070D7B3F281C185D7E3C	1.17.0.36	
97DFD2A4241CF379DEE3A1C2215E47F114F1B188	1.17.0.222	
5F61FECB098B5DFD293F84F4FF142A22D0FD494A	1.17.0.336	
B36874A493ABED384076E2CCA7D4CEBD3F4B50A6	1.17.0.373	
67BF1349CAE399B6BFF3EDF77ABA0BFDEFF050F7	1.17.0.399	
EE4199703F74A8B166584673CD96DCFD681EEF26	1.17.0.416	
607A58B346620189F9068E12E458948C29E8E6E9	1.18.0.45	
1555F991226D947F227FBB560D601468D3BF9AF3	1.18.0.60	
9EA63C14C116C2FBFF4567D14ED427D9E6F75FFB	1.18.0.131	
805A5C1277604E7FBF74868B79780139E03BD55A	1.18.0.157	
45DD1DF2AFF68E79BCD9AC66BD9AFF6C8475F1AB	1.18.0.240	
71594A245EDE514251AF9355129B571F57541AE2	1.18.0.324	
01A71415E6904500213DC48411DFAE8F00180B78	1.19.0.38	
D71FDCAC6A01A44F9B6DB933BD10718D1CE4A84A	1.19.0.124	
51F2BFADAC88DED295265914DB031A2502708611	1.19.0.210	
3BA0EBB8FF909859719CDC6462117F076D49C803	1.19.0.281	
2D6072E1C85B4875DC920383954E02BDA2764A9B	1.19.0.365	
39E51D9EDC579B298EB50289F4DEAFE3B4829ADA	1.20.0.42	
47E7E0CEA63CD6FE497A8E03788EB10DB2C1E44B	1.20.1.1	
156D3C42BE8950A3040115B5337CF99F8BE98091	1.20.0.114	
5836FAEB0DBEE3C228AFB11584B5BD81CA7C0F7E	1.20.0.194	
F904044DE8D31929C1E4654E4DBB6B8CC802FD3B	1.20.0.261	
E923781F21ABB27F5730726EBEE07B93DA7D7795	1.21.0.40	
9FC9A57051078868969BE1A017360DA85157EE40	1.21.0.88	
6EA63A7FC3DCE94DBF398AFF486D3BD2EC3C4C32	1.21.0.88	
7666076AB2048F452F60D4B88D86E7B5ED7A3FDE	1.21.0.112	
5FDE1BE74997F949F8836A2326535198892DCFD1	1.21.0.179	
77F31A59F3DD987646530251046E211303ABF497	1.21.0.271	
0AF12E2346C428705888377673C4F1D7B8A64E91	1.22.0.64	
7494B7A503249BCF02256D232A3449DB8BC4E530	1.22.0.92	
9924534203D158B00244FF634EF071C53909E6A4	1.22.0.131	
9C57606E26CF0CFAAA827DF10F27277D1EA3426B	1.23.0.23	
0BC1F9CFD13A32ADC219C52DA098972A5051C589	1.23.0.43	
06194784E32F00A2DB4CA9E0DDEFF064C56B4DB3	1.23.1.2	
06194784E32F00A2DB4CA9E0DDEFF064C56B4DB3	1.23.1.2	
06194784E32F00A2DB4CA9E0DDEFF064C56B4DB3	1.23.1.2	
CB066E45DF0BFC140A50F208BF897C0FC1A44823	1.23.0.130	
DF69532E31F7AD5D90BAE89644649B41A92C0FEC	1.23.0.196	
F8669415709397F07BA1DD290A6536660A75C4D7	1.24.0.47	
68B5865EB7E4D9AF9508C0FF2DC065627BFC55C1	1.24.0.87	
EC3A817C34507A68DB4EF0846866AFB8729EDA7D	1.24.0.182	
EACEC16D509E3F0CE23051F255A265EE095F6AD6	1.24.0.219	
2E89E54CDBB8C0EEEE83BC895C791040E3AF20D6	1.24.0.252	
4FD3AE1E32ECC7E06E0D85699075FBC10A127C80	1.24.0.320	
AE56A2312C8105056B7796E771AC1864AD568700	1.24.0.305	
2E76F9502ACDD10CDCC7A8C59766FCB1A2569408	1.24.0.336	
40652E0EDF89FED6F450383099A34BDABF47995B	1.25.0.36	
0C261E39FCE30C04E4E7F85ABF2231C65177AF24	1.25.0.111	
2FA4AD8F6959CFB49ADB5FF8C07C5D4F2BE065AA	1.25.0.179	
D3904BED165055BAA821E21AA6442C77DD65ECA4	1.0.4932.0	
DF59D785BEFC368FD8A40BD135261E82C62AECCF	1.0.3753.0	
40652E0EDF89FED6F450383099A34BDABF47995B	1.25.0.36	
0C261E39FCE30C04E4E7F85ABF2231C65177AF24	1.25.0.111	
2FA4AD8F6959CFB49ADB5FF8C07C5D4F2BE065AA	1.25.0.179	
81933BC8054F034A5A95903BC6FB033AC2A95222	1.25.0.245	
8B6665479A227EFD8DCC3BFBBF9D59DBBF2FFA16	1.25.0.313	
1DC4421EA798249D4149BBDDB718834709422EFE	1.25.0.346	
0D039A1F755A91FA7370098B83779250A555F3DE	1.26.0.119	
D98B8586F696CA4E03AADB343D204E12408306BB	1.26.0.187	
BEE466C95B6CD7D8685FABCF60C58C729A03F3F1	1.26.0.257	
BA9A99C3FE5ACE2F10C64F092BC3EAE9917D3F60	1.26.0.316	
EC63D319B186C63C2ECB69C89F1EA158DEC121EB	1.26.0.352	
D5ECC617AFBD9A8C1B09343342F4D10D165B52CD	1.27.0.148	
5B7E49A24CC9FE3728F256A871D0606F64A3E5CD	1.27.0.171	
4642A88128506687D61D8D34EF2ABA3144A90398	1.27.0.218	
8B5AF654800C8DC20CBF1A2E935A6918B33A7C05	1.27.0.229	
7A60DF5B2D346495A5348C6D6242676CDE67707A	1.28.0.50	
79C6ED71CBF7D8F89400B00B9D85426E1F1188F6	1.28.0.84	
12C5B27F486278351C0CE92DC1FDEE1D15DC1890	1.28.0.94	
FEE8D9B3C4B7A804348E02CB28E79ABDA21F1381	1.28.0.106	
FE30A9C9205A52CB0B8A7B1026084772744AE69C	1.28.0.121	
3AD36FFB36E7FDFC946CBCFA8976C0E412EAEEEE	1.28.0.168	
FD5DC54F048F213D7917902FFD6378C48443D331	1.28.0.180	
E0AF64BA81429F04EAFA3D6257613C267BE740C2	1.28.0.189	
AF8CDDA7B686DEDAD320FF627D43766FD8C31136	1.28.0.195	
2E672E52FEA1F1A2C709C6E1E98504CD8AABF3A4	1.28.0.229	
4FF6816B867A5627ECF2AC958DE223AF17969437	1.28.0.243	
3CC6E0E98CED85692B7A333A22AD6AD80ADFC4AD	1.28.0.252	
91F70089A5E5D37B241FCE6BD6C667943C7B4FA3	1.28.0.291	
70F334F14FC70491D21CB3696EB5631A7FEE2066	1.28.0.294	
C13E9C56C75E80C5BD245D4D586A79F02B03936A	1.29.0.25	
F6B2DB83EC2D30F4111E8FBFDBDB1899E2D0D17F	1.29.0.91	
9C7422428730EBDD2CD99EE665F13756EE498F2E	1.29.0.105	
E35AF2DDA22F8B78134E7F5F43941776A45914E6	1.29.0.121	
C158E3D40FF222B831B77ED326646AD8F4960FC4	1.29.0.130	
523C5881FA822C7757FB095A146B5D899C3A1CE2	1.29.0.150	
17D5166FF3FC066B02ECA28BA8B2BC60823074BC	1.29.0.160	
74E6297613C06BB9610258B87992EA55C4C64A90	1.29.0.169	
6E03D7E10922CDAB0A725B22BCD273FF68FE83A4	1.29.0.176	
A110BD734B954D64D820AB6EA19F19722F422700	1.0.4290.0	
099253956CB101BD96E3CECC22E9341BCEC71063	1.30.0.19	
41865056BD6DD6EB00D143F6E132C8D40A66D073	1.30.0.30	
AEAEC9117E002425252CC908F6BEC42C1858A4D4	1.30.0.40	
F6BFA33B873BF1B172D405CAC4EC96E84C2C37FF	1.30.0.52	
B445A2F415069036C5293ACE18A44DFFA3FA4044	1.30.0.88	
91768F918CF81244FA63BE69560AF0E23D84CF18	1.30.0.92	
662E735FAA08BAADC8C425F08CE7985266A500E1	1.30.0.191	
A9F67E00C4DFD967D36C5A3CF15FB96CE84D862F	1.30.0.262	
2D52DDF88FD0FB5ABEE95D17CD850A520F04E6B0	1.30.0.270	
CDE315E015BB1B6A1707CF7A7E206814752F6D57	1.30.0.281	
2C1B7974AB121E39C24A2B2E8815972922832EB5	1.30.0.322	
E2964F49F92A32390A048155F8BE93FB9E939431	1.30.0.331	
3BDDE4D736B678A2B23B464ECFABAC82A21B214F	1.30.0.339	
2F7192E9DEB29F85A1E3C086AB30481A73360D11	1.30.0.347	
B83E0926EFB5268020007749E90047DD68AEE55F	1.30.0.360	
D7CBBA9EBA894F9AC32A1509C485E85D3B5B5DD8	1.30.0.413	
A41E8068A0F73F30885BE987D888CE37573985BF	1.30.0.416	
74918CF247543A0B161701AAB8C3E9CAD269A5B4	1.30.0.429	
7E0D704932044B8753440484B9FC4890944767D6	1.0.4458.0	
16C7D51AAC7B431222FA61638F21D3427EDD6197	1.31.0.38	
84576B8C1762E2174438895231B4DB107C136268	1.31.0.49	
CDF6D16A89DF5954472758DE56F3447161D84CC5	1.30.0.439	
CDF6D16A89DF5954472758DE56F3447161D84CC5	1.30.0.439	
BE11BADD32F25A6E3779E40085FA80048FF410FB	1.31.0.84	
97C0294A1D17ADF635F828C922CE0B83ACC70E31	1.31.0.131	
644253BD52255B9B074E40E6E3138B1BFEAE1BF8	1.31.0.143	
FF982FB3B3C9F9974DDC626A17E37061B22B4EDD	1.31.0.146	
47D59489D06E63C230E27C08FEA684EE554D2E79	1.31.0.215	
52516E050D15153F9706CBD96A4F17EA032AE1FD	1.31.0.220	
69085FBE76F2E4DF2FC048897A4AF148CA3A4823	1.31.0.227	
38489E7F59002512ED1F17F4F1A6455B96F8536B	1.31.0.245	
5074550345B83EC1389C897A2DF6BBAF5254D890	1.31.0.323	
1694B691D10760542925E8BFBE33EE6963E2ED48	1.31.0.337	
F05FA75CF71E9FA41E452BE0F4E30F2CC4E59E8D	1.31.0.347	
6101510C808B6AD78F85BACA24FCF2220E8898C7	1.0.4563.0	
A7523EF3E638EA1371ACD793D5DFBB2132C6F29C	1.32.0.17	
3B4C8E1526DA658F903E2B1017498993F8359546	1.31.0.381	
68B05E82EE0B0429287871F5E406D54DA6142073	1.32.0.40	
4755DDAE9797D4A561366BDD4812375303B62665	1.32.0.49	
115702E56DC4A8F99D53BBF0CD72E07860FA64E6	1.32.0.81	
A29E908E7D3B467C12C5388C82A1BE0AC264841B	1.32.0.92	
42CB9D7BA3A479DF393E39F0291B1A1D5712C12B	1.32.0.104	
0F433040845E2BA23B363E0717E8DEB397D0240D	1.32.0.114	
A8CC3CC076798CF6FC6455CA188C95ADF57265AC	1.32.0.145	
9641CB6AD3450964DB7B62606C0687017463C646	1.32.0.166	
669145334E973831214983A1EE6AAF57B8CD8547	1.32.0.187	
53F92BB202552FC18DA2D1290A00F5837F54212F	1.32.0.205	
011B7EC4C307D80822B047CDFB958D8A40747F4C	1.32.0.227	
D940EFCFB97CECD2D7A6007766AA4DD62AF63883	1.32.0.257	
92977897699B6181A0B5E0841A81A0BBF250894C	1.32.0.265	
945A15714A533DDB925E087CD74849A0EF66D59B	1.0.4661.0	
264C1E01D1AA0FC3752A597A8F8063B94D572C47	1.0.4665.0	
66E4AAE58F684FCEA47F681249915F8BF3F4863F	1.0.4674.0	
7E7AFA6D502CDD1B97B2DCEE63B12FE6A3261FE1	1.33.0.21	
90D924F1FB3C06671E179CAF02A805013E04A1DD	1.33.0.29	
44D68CB05AFA8512C116C76CD101298155142288	1.33.0.34	
96C447CC03E8B8412F584F547EB1932C13DACAF9	1.33.0.42	
71EEAEE603849B935E7DCD700BCB9973D79DC371	1.33.0.71	
6906CD70D6C68806FD9D3C61F4B1DBEF9905F5A0	1.33.0.104	
05D331BC8669FD598899BA9F50D8FB3D73818E1E	1.33.0.118	
4615A057F22E4D6A0088F73F14844CBE9C07B823	1.33.0.129	
D034F0FFFD8840E6605079DE25959F4840FCCEC4	1.33.0.71	
55229CAB85182519A53055094EF1FD7116A73B53	1.33.0.136	
A5475BAF95EAE61CBA7F60AFAC4EA41B4DF76BB4	1.33.0.195	
85FD309E3C6F0ACC8EAF5980E7B5AB23F0234555	1.33.0.222	
58D137E10B862886285EA4999186897AEDC22968	1.33.0.235	
FBF92463F479696A73705539369A49FE71E7F4FF	1.33.0.243	
F34CCE83577B952ED594E8551A3DDD89E46544A4	1.33.0.261	
71E3E5415B92E93D8A552ECFD8C83C89EAC7CD70	1.33.0.285	
849FB994E53FEB310170440B76E2AFD11979C6AD	1.33.0.299	
8A7A2B5FE979C7979F66794C6D1FA07B23BF834F	1.33.0.310	
83118E0B98207405DCA1FE6A4C923902FD92F3B7	1.33.0.333	
47C0A7F31CEE3A83C20E2B3C303657753219C656	1.33.0.351	
CACC3CF00BE9E7492B90AD4F2EF5C52C0AF49A38	1.0.4767.0	
464CF62B03D3EDFD4A6F03583E622FAE16A560F1	1.34.0.6	
40FEE062756969903660C2D547F6EEA2B87C7890	1.34.0.18	
F0AC0F982E7E8DC3439F5D58976D8EE2B13FBC39	1.34.0.31	
62A972511DA34975CA2218E24B3F9C256EDA725C	1.34.0.48	
BE1993552D09EF62FB108527D01B54E7621A99F0	1.34.0.54	
CB23D05341AC29C843F70AE4AE365338788F7259	1.34.0.62	
970DCAD1B869D9EFC6985EB904DB09E095ABAA6C	1.34.0.70	
DA2B2038E7B74B2A51F57BD75B10DF8871529767	1.34.0.76	
C8F28DD59DF71C4522872B08EAE0F7E43316D168	1.34.0.108	
F59DA9E1FBBDCBC1692E9673C9466B158D9288C0	1.34.0.118	
4C03DA0293221D2FAF4A31ED5F5F619D6B7EB832	1.34.0.127	
5C1ADACAADEA3E2C9B74C8DF5A4164ECEA3C25E5	1.34.0.135	
56ABFA9B68A36572E213C8A1ADE901D3677F5964	1.34.0.180	
8169C551552176F43A9874137923C1A4F3B5DE84	1.34.0.192	
F640526934C84CC56C7BE6D4B733195CB7530861	1.34.0.204	
F9F22E088E54BBED3A5C1F070F78CE7E1A872F18	1.34.0.211	
C9D0B931DA05FAA159EFA840D8AEDED3AB35C4BC	1.34.0.273	
3DE91F6416CD4ED2EC1304EFED6D0B62CC4AC92D	1.34.0.286	
9169C8A086C6BB04E55FFFA417AF77D08939ECAE	1.34.0.289	
D394DF990F1F97D42C29FF181314D5E68765C00B	1.34.0.359	
D394DF990F1F97D42C29FF181314D5E68765C00B	1.34.0.359	
F5B67CD65C7AC358C66647595B18A95443F30DD3	1.34.0.375	
D9E8B7EFCF7A5BB9B61C3DE3F02015CF4471752B	1.34.0.394	
F8B47A2AF599EAAB1E3510E740BB2FF715A7725A	1.35.0.22	
9523F3B0A7C0584246CAD13BCB9974502EA7F3D4	1.35.0.35	
F03094F3F4D1680E10780B37451C804039F8B32D	1.35.0.48	
681F60172B57533789784698659C1E00B6A3C391	1.35.0.60	
CFCE4FDE26CCAC368C02F9D33FFB7DDC1B6B6597	1.35.0.84	
EC49868C3757EF64FA4E211E4CEEDA2FE681A8AF	1.35.0.89	
4DD571BA93D28BA9189A8E77971CF55B5916E548	1.35.0.97	
11B30AEFD425EFF691460B074073428073E935E8	1.35.0.118	
1ED08759A4B13DF8221D30B4AF7AC802BFEE7C0C	1.35.0.133	
D243431180B190C35DAFD283FAB69A76AE5F39D7	1.35.0.201	
AE2E20877F3FAD797DCCDE73BFC3C1E63EE6398B	1.35.0.232	
15DAE8B3006FC93C1D0AC4C620D7B015FFB8E9AB	1.35.0.238	
7782A91F3BBD617F07F0FDCCC43B0111DBC81499	1.35.0.244	
0BDD85D9F16A595AA56E907D11AA8D878C94EEC2	1.35.0.308	
7110E86DC91FA7CA5C8C3883E8300CBC08E874AF	1.35.0.321	
FECB1E67D61597D32507A506451A9B436C7D542A	1.35.0.335	
1A9B4EC8B555BF5AAB546A9D6F7FB78ECAAD52F9	1.35.0.356	
A68E0DA51D955463F786E9BE0538C78360BD39B4	1.35.0.408	
618B223ABD82AA141093E9C8F162819F8A87424E	1.35.0.420	
96C19058109D8DF3B6F650B2A1051A6E70086A97	1.35.0.450	
ECC4C93858EFA16C70E4FB8F6714E6DFBAEC29F8	1.35.0.498	
86600ABF8534921252AA9074D20F3BCFEEEBF360	1.35.0.503	
6620797A6B6139F864EDFCF325BBFE59ECC3A2EF	1.35.0.587	
23E6BCE9DD4BA60F81CA0AA2444ED5C3704F8494	1.35.0.589	
6D7C88DC33B75DFFC7FDBB7E424207AB8CA0219A	1.36.0.67	
8093AE21C8F2886F7F3DE8616325946DBDCB3674	1.36.0.96	
BEF4326FF96A1DE5026CA945A51FA67606432B99	1.36.0.112	
E204AF0E9C674F79F115C0F0F7883D1C6A4F73F0	1.36.0.126	
37A31016680269973F1D87ABD1F2F16B393876DD	1.36.0.139	
18BA911BD88AB11662B18070C80175567563D885	1.36.0.153	
1AB6FBCB5ECD0B7B8E5F2A805CE0727FDB4AF718	1.36.0.167	
56BA0CC20F27F59B9FA6730D45F1262BF9A30D76	1.36.0.185	
4D082353AB2DC8D2D24CE72C4C9EEA3C5480EE3A	1.36.0.181	
962A83CBB69C7516ED6248FECC888E6FDDF7FE1A	1.36.0.231	
E4D2D1E53FF1C37498B4F9E641DA5736F698009C	1.36.0.249	
2D44819BB2AA63283D4A420ACFF088CEF3738CC9	1.36.0.264	
17482E8EC014A8C6C45784F2572D2F7014DDB5B5	1.36.0.270	
7BE74631BB4AC152BDF62479D5367D3E3A807C93	1.36.0.321	
2AEC9C480685F5F84BC259A4D92312C815D99ABB	1.36.0.337	
0A288613CF5E36F2C342993DE60DE62751930EC2	1.36.0.353	
BCD64FB198B56C3A68BF3C328253214696273021	1.36.0.368	
74FAF06A635264600935E01BB97A1153E93B0301	1.36.0.381	
17798DFDD520D2E8B789BCB3ACEED56FAD5B9A50	1.36.0.449	
54BC51EE51212F82A56AC13B1DF39F7284E4613D	1.36.0.463	
02E94879297B7E6C93689D7FBEB7704E47E162D8	1.36.0.477	
2AF3EA960A4A9BFAFE0802A85412C14CA9F719BC	1.36.0.495	
F41C3854D4C93BB4956DECD3DCFBD16AA29BE66B	1.36.0.540	
7766980077DDD730543C2B031AFA606EE6759C60	1.36.0.555	
F8C8259E5E2C56D35690DCE393C1F85B859BE78F	1.0.5062.0	
6A99A62CB804146F50705E42D6D96993137DAC92	1.36.0.616	
FF0B26AD2E522E356AD0C78252F6E4823F4202FE	1.37.0.28	
06A3DA3009731BD1B99F229EF46CF10BA51C3A42	1.37.0.47	
2725A3A1089C074A7173F75F3B407D85BADAC915	1.36.0.624	
23EBF4E910195BFF114770035F190708C7663DFD	1.37.0.76	
D9ED4D8B73B095F64D0481C2FDE50564C97FA3A4	1.36.0.630	
BF446B4E058DCF4EBE1D07498A5B006E552E0106	1.37.0.123	
69F75BAF29A31E8453501E5E7A2A1CAFB4DE8A08	1.37.0.139	
4A517C60BA417BB5B64606CFB301C01672234CDD	1.37.0.154	
DCD3B2E60CBE60D8BA2A4DAF2C7ED2F49D10A446	1.37.0.170	
3E3052E1B54CFB81B45F64C142A77D3713E593ED	1.37.0.180	
582B7FCA6CE4D414C5AF86316FEB287CDE33A748	1.37.0.236	
CE867A25D6C86BADD7B7321DD4FBEC0A5400928A	1.37.0.251	
C8C7EE78EF89ADFB6ECD751B5C94DEBE34166696	1.37.0.267	
42960A82EE7E50D517E36ED16E01A6B49DFF60F0	1.37.0.300	
2BBA974817CB6017556213FB3588FCB4602E895F	1.37.0.353	
025D6837D6DB1E32F1D1F848EF765A7387B303DD	1.37.0.368	
410FDF7368478E8CED6262F5E9B1BEAAF3D8445F	1.37.0.400	
5A26FE9C640ECB7C01DF7721873B9135702B00AA	1.37.0.428	
E0CEE00D8235D405E980B76598A922AAC27D385D	1.37.0.429	
81B0634803E2A94D428DFB355344BCB437F92742	1.37.0.431	
76B2EBC2EBE041BB9829D2309B6E57AADBF6505A	1.38.0.94	
DD2A6A3DBC16CFDFB9FE43B6C61534C537055508	1.38.0.124	
94C97920EA1C0FB7FA118F72EEDDBEE4A66B8F5F	1.38.0.137	
E6A6D8D93D4F103334384DA8CD971B9F75EF5AC3	1.38.0.148	
CA41A34EA83B0E02E11E57DA6334C663E4655D18	1.38.0.156	
656B54D0AA8E12EF3F58E6D680586A3DBC57DF53	1.38.0.169	
A47BE2E9A6860433F09B3EE7EEB2D35CB6D9D906	1.38.0.181	
635ACDE64877D884A6F67D611F7354966E1A6E53	1.38.0.206	
523B9ECAD6C75DCF8F1063194865832D292FA3AD	1.38.0.229	
6CC3186DF5D2C6B7DACEC10201D73C9DFA0FC71D	1.38.0.254	
263718805662720390EEFC30B9BD75FA7C13E22B	1.38.0.267	
4A915D581D098AFDE843ECB2EF6CE0A7A1D12CE3	1.38.0.292	
FB95AB21D6FF59C7CEFA14F72A5B3D3F50F4F0C1	1.38.0.319	
8696A3F1C660AEE21666F8620515723AB3C8BC88	1.38.0.334	
992D399811ACCEEFAC7135E4852D041C08C0D8A6	1.38.0.338	
431AE70060B94FE53D3FBFE8F761FADCFE67DEA7	1.38.0.349	
300BED77735A91060A2832DF4A1864A1643951FC	1.38.0.372	
D1D99600A54BA992015D692279FD14F9B69255F0	1.38.0.406	
FE999D27E426C290192543579F854CB70CD623F2	1.38.0.436	
4946994817AA708193F521954E9A24F4C0887747	1.38.0.443	
1230193B0E266C2B2312936357940E3065F486CF	1.38.0.452	
5CBCD2FB170AD964BF61E17B6CC716B376D89C7F	1.0.5224.0	
022B19076377786D0AEB5254D2497432E3850D50	1.39.0.43	
841B1A81C421A7432E3BD3B5C0544E00597FBFF6	1.39.0.59	
26FCEE3CE51FFFD37F2C650FE3F6B9FE87C16E1C	1.39.0.107	
13022E5D127BC8EE4C5C4EC7FC8851B9A5067FAD	1.39.0.120	
25E99C03AE60F71A5BF6FEF2A9E11B6C5858A2CE	1.39.0.133	
673B416C0C29427C1221A671CC01438ED8E0365C	1.39.0.151	
922135F30B72391B1EB8C703D73E2B4BB533E202	1.39.0.158	
5904F74A83B16B3CFB15DF83585D9A54FB15B776	1.0.5257.0	
B5F128F06BE5F2BDD6D6548D4537CC2F3EC4EF19	1.39.0.227	
0A303255F40D2CD33133FF709A1FBD1634F5C9A5	1.39.0.240	
335FE92D16F7EFC92493B294AA8A25CB60404BB9	1.39.0.271	
9AE9F1787DD6A53CA246B425FD13480FEFF44EB1	1.39.0.295	
3E1CA0F11A11B6515B05255D5B9755A161DD4B08	1.40.0.10	
BB583F60F6C6500BF9AF3943FBF0574064C3DADB	1.40.0.20	
46CBD2928ED13B38F66C546C903D2790E186CA90	1.40.0.36	
D62D6CA51956BC3084E483A2ADB2B294B735A35F	1.40.0.40	
DEB7EFDD2EBBABB611272A346B329B0E24C7FE68	1.40.0.52	
0CFE8484F65838A01A4A96220087B5A96A583596	1.40.0.67	
681CFDD640DE80F1BC23FD14DC2221FAAAC6EEF2	1.40.0.109	
A3195466D513105B68CDC1F7A4FADDA2A9C74DD4	1.40.0.125	
D2E485D4219F66838C7ED0094B31BA9A9DB7943D	1.40.0.137	
9BDF14B76C2A127B85FC31491ABBE33B2F7CA672	1.40.0.148	
BBDE80923A25C49AE3233BF41E5CC52E69DBA774	1.40.0.160	
4A2B89F42659C70F71AEFD895A268D59E568BF23	1.40.0.174	
4B3FB4058D96B8DF6852BB3580D79D80BD275173	1.40.0.201	
B08B8CF4D98A58F3C96396C374B905BB20BBC90E	1.40.0.215	
BD628C5AFDA8E1C8276B09F1EBFA618966912D65	1.40.0.306	
23CD124A3749489ED99EB71C638E7215BA21A300	1.40.0.321	
ABEB96EF7A7733F7BEB06EF749322A3141DA56B9	1.40.0.341	
3CA6C20FAC3FDB5B521DEFD341CE32DB71BA6BF1	1.40.0.355	
5A6BB3A43D34C2D16878A04678AC2788D3C81446	1.40.0.409	
9110713C826328986FBD32DF862A9E37FDB44E39	1.40.0.412	
D92F24E2B0A3583F096FC451B3BABD0CC6EFEC1F	1.40.0.414	
65C4C170C24A7FA651A7DF58EFE5F2930C20C77D	1.41.0.59	
80789093BAE6FEBF79FDDD6EE3070DF93A4D2A45	1.41.0.102	
AB9119E1834D8A1E22BBB0B248C3425010131BD5	1.41.0.116	
85A9E044B8E76FEA4293236A7CBB76657AE987AC	1.41.0.131	
771BCDD747B919A13076ACA78A3DF7B75AFEC908	1.41.0.138	
B13C65A21A6915DC7D3A94323EE34D4D7468D4A6	1.41.0.153	
335CB017C768DDD505A2CDD5D661A682CF6DD333	1.41.0.164	
0F13891CC27BEE5DF6CB24875B086A391E06285C	1.41.0.428	
E6733E74355CD64E7390EDE58181EC8D1D9C348D	1.41.0.510	
05847F2D237747B440A8DAB24F1D7B042309193C	1.41.0.524	
CB5F1E1688CBA0DD2688D4EFD61615D0D890B411	1.41.0.533	
FEBBB4EF89025436B961800B1590D78104AC7E48	1.0.5434.0	
A56B5340E1FF06C6E6C6E8A4C1395B1D1D85B5D7	1.42.0.33	
5D485F619EA5D05F1FB6AD0D42CDE4C2E0816AC4	1.42.0.44	
ADEFD8BF56B981CB999765862E6B40219708D164	1.42.0.59	
A3DF7CB0DD8A02A0BAE231A9A37ABA4C2FAAF1A0	1.42.0.72	
A8233B9D116EE61F43CD1258467A01B592C73AD0	1.42.0.103	
07B2AC758F2286CB80739D2B57611EB60D0C9423	1.42.0.131	
8E1778AAC04814F73589B4E5C293F687A119D174	1.42.0.147	
811A1FFA2BA73F5BBDAD3D594F6F4B841494299E	1.42.0.152	
6A216FC6222EBCCE73416C5DE913677A4620E650	1.42.0.171	
2D723295C1168F0507AEE0E28244B5B893FFB529	1.42.0.180	
B7DC7D5E7C7F0E439851E481B1F89221132B7F67	1.42.0.187	
6983294903D6AF13674215BCE86C98203131C8EA	1.42.0.203	
D6917D7C8ADABF6B7D4DC29839DD2868C0489B84	1.42.0.242	
3769109D26E23B13B3C693FF4E16A89D190B61A9	1.42.0.258	
0EFCDD9A504ED4B4EB23B549B3AE8FC1E40D4D9C	1.42.0.266	
6F4B8FD50056F5F1EA3EE4E8EBECD17B24A6A680	1.42.0.290	
10B6A9974AF7E57FA4BB4590E5260CB973E30A5D	1.42.0.343	
9EF91C7C3327A529AF2D2E3AD1E0F4DBFAA51A6D	1.42.0.356	
1E8487A53CC30F7DAAF4322241294F9261AE24AF	1.42.0.363	
39066B615364D74346C17BCFC80DE42E454AE9D2	1.42.0.390	
4026F1E3E7ACD81DA8D815737A3117F55DE3B400	1.42.0.463	
8DE62CA1220AC0256DD65F3C42AC5731D8D5A83F	1.42.0.472	
3792572DA0A727869C701630DD88E046F4183077	1.42.0.491	
A6E6AB0D191F73E79FC387B341D7A935CF50F142	1.42.0.511	
57556B3CAD0F57F084CC4A09483D64762C2E52E3	1.43.0.37	
EAD3ECBEAE940A5E3C7AA41E1CD8833662F73893	1.43.0.48	
56430AB48043109B9C07171B0F69BF638118B9D1	1.43.0.63	
EB60A2F9759112C0D360F560032F0E80DDC02E44	1.43.0.67	
F8A2617DEC4C60CC3FEB711B706E15EE95148BE6	1.43.0.110	
115419952FB7D99591BAEB780E5F5FC17D61F3D0	1.43.0.121	
7A1172D8F214A5C292619E7D714327A101816595	1.43.0.135	
C48BB0B627ED78B6EC07DF32275EB507F7691606	1.43.0.148	
D741639E617E8C156B93D07BF9C1BED2BE6C65DD	1.43.0.155	
C54019657689C6D52B43192D12392127C21AD88E	1.43.0.223	
AD02AD6D12D2E72AC3118F5776DA9AB398EA8A06	1.43.0.237	
AB3955858747CC34DBA30BB32A703954CC0FF4EB	1.43.0.240	
434FA63A35E9D52017BB123FC7314EE1FACEAF70	1.43.0.264	
F8A1D430C2886E956EE8C6DD9A5F73DAEE507E56	1.43.0.251	
F473AD2BC154C84AFBA6F9310465ABC825481A3A	1.43.0.314	
84F149D3AFFBF5A185CF410E7040FC214EBDD6E7	1.43.0.329	
87EAF2B9DFE586E4D9326CD11FC8DE6AC84FD2A0	1.43.0.344	
47C3823F9C905AA5799975E08255574751F88999	1.43.0.348	
B55177F602416A6BBFC17AF57C2AB7746818C214	1.43.0.388	
06881516C7538450E9EF8CD13D0A0DD41EC3D26B	1.43.0.389	
0FBEB1DBF30599A9BFA1EF85082BEF9EFC0E0030	1.44.0.57	
36B50736458CFA92610D14922FB62DB4C915ED92	1.44.0.67	
E9C0ED8B68234FC30A223AEAB5DCCB9BCED491CE	1.44.0.71	
C3C6E248043715FFDE42F071CB67AFEB27A29F77	1.44.0.83	
957097BAC3CBAED4464287C1FEC9EEA979129ED7	1.44.0.107	
CBB8423CE2AF98EC4855FAE6C286A54FFF2C1D5B	1.44.0.115	
D8D0CDBB967CB8D1A40F98E841C483A90F0EA670	1.44.0.128	
E3EEC9F9B28C796CAE40FEC64C100FDC2D167BAE	1.44.0.164	
0C8E3ED4AABF3E9BAC890863C4D2056FF52ACE7C	1.44.0.179	
7B8BEDFAD972FC931C89A1A93B1D5B0C24008A29	1.44.0.232	
D41EBE72593198D9B652B25A48B447F9F5418390	1.44.0.246	
2D87ABC364E33BDF8E019FD2978E92F6954957C0	1.44.0.262	
9848966F284C9837771098B7F6B83CC5A5127CD5	1.44.0.274	
0EF5F867457AB9242D0CB6B7270DD9455FB35BBD	1.44.0.312	
7DBB7C21A7EDD0F3F66E8932DC22E1F2D66744A6	1.44.0.344	
EBB0B390A31129A125C4F5888C8E2AF8705966B1	1.44.0.349	
950841B8B5F7DC13642353BB47FBB44178D9D6DC	1.0.5664.0	
9EA9D4C111667C981DEC6A9D0193A5E621E6FB93	1.0.5667.0	
CCB7AA792518F3F7AE2BCA7A63F066F2BBD3A939	1.45.0.25	
8E4E183FAE62FA2F17E7B6B57096CB9088DDD9D9	1.45.0.38	
592FE6016447EB4D3E51AFDB46172BB2483AF49B	1.45.0.70	
718E15D17742CA1584EAE6FDCC9BE07D82088F30	1.45.0.88	
10A9DFC2A38A4186AA686AF60E84C007C40F561A	1.45.0.98	
26662CF04EBF33203EA5BAA6FB504C105C51F503	1.45.0.107	
1F9E152F4E165B51C0FB84DFF48A86EC91DC0CEB	1.45.0.114	
E442AEE024BF107A1AE2EAF12C91F301BAF17EBE	1.45.0.123	
884F81183EA3BE32BFA6926D0C71C20441A2854E	1.45.0.178	
92B4ABDEAD6B24812C691B6CCACF2AB0FF73A0B9	1.45.0.195	
A0C1652C6C555A14B959879D377290ADD2E83000	1.45.0.203	
1D611CC1D91C9956E0D06EA1C32E5E3DCD0A70E9	1.45.0.226	
B8625A2E6932934733BEE29DEB89D68F561159CD	1.45.0.236	
2D1A71A9EA21BF6A656E8E35825DC780B20B7B45	1.45.0.260	
C882C80059B189F0C42FAE59D9FDB795DC6D9E05	1.45.0.294	
1B221C730B3900E98F467D7D00099933A4EA5F9D	1.45.0.303	
2538F7BE395368AD4E971DAF22990CD18D53298F	1.45.0.319	
9B397AB48CD7AA1EAC8FBFCB8E62C03F1DB5C193	1.45.0.332	
5789F2922440618AE52D44C6C5D923F12AC07ECE	1.45.0.384	
D914E585FFFF533766B510FB141C7A54720C21E9	1.45.0.400	
E1843371C5E13D63D2FB9ADD9C8CA5E77AFC9CCF	1.45.0.416	
783998746710022DCD47A6B1C06A12E3B9A9230A	1.45.0.421	
8BA276013C388BA49175AE69A8D6D92C08C2F7FC	1.45.0.438	
97BF83DEA345C68A6B2AEE019C063DF655CDF25E	1.0.5734.0	
42C09069678F430A692DF835C00A4541A40E482B	1.46.0.15	
ED3D36F3B6D1ECA2E6E763E5DB8675190DCA2CD9	1.46.0.40	
0D9BD705749D843C01654E59E0BE94C93328783B	1.45.0.486	
E26B77372B2E5CD6F157BC6F68CCFA35B586CBF8	1.46.0.54	
F83721219AC13A26E3A887DFC9ACE7267607DC14	1.46.0.67	
E0A9CC98D638B81971EF5D9029D0DD15E844B333	1.46.0.109	
D9CD7F189395F1202F32D552729603A0EFD1F025	1.46.0.138	
64B4C5AD756EF6F0B1AD97EFBDDE60409AEEBFF3	1.46.0.151	
82C579EA0CBC7501101CB139AAB7AA54E3C4800F	1.46.0.157	
853D0DD64D54446B9B8A795069455829826DBB4A	1.46.0.171	
8C6C9735315E346F904B89E35B53EDBF160A64A5	1.46.0.209	
634E61E2268DEF43B6B22FFAF03B5F7C21FB35AA	1.46.0.220	
3C5D604FC7097BB4B3AB95250B3E2B58171DCD4B	1.46.0.233	
7F7738B7B7B82FABB5FF72F57EAC3E6C46077AF1	1.46.0.244	
54CE17F630310F1526E8AECF94C316BC44A0673A	1.47.0.24	
584CDEBD4D45894E1714F4941AB58553053D476A	1.47.0.40	
2EB697ECADA1446B7168CDACF27F5C7F55B65E53	1.47.0.56	
F60548E079C5F66D61D8B2B493BA2EFBC89A3B55	1.47.0.71	
A95D100D60A0DB901C61C4755B9CF010202712A8	1.47.0.86	
241781CA39B56059AE6820BFE720DFFC177E4156	1.47.0.101	
AC4C5C5264BF4FB772CDF58C28239F26CE632100	1.47.0.124	
E5A368B68D03DCE9052823C903647D8CE58E0E78	1.47.0.132	
E4E5D3B1AEBE088BC0B87F3AB41CF50840779795	1.47.0.146	
E556B42502AF0CAC0008B034E7274CF277E43C02	1.47.0.160	
A0BC31C118E4FAF3AD09F7B4F3D138A1D95742B1	1.47.0.169	
DF9659E058ED291AB6077C110ACEA71F06D99BAD	1.47.0.180	
06F61A32A3E44ACC228D40E9AD31BB12FDA189B7	1.47.0.196	
9FDDAAA365D94964BAAB536240941A7616C57DC7	1.47.0.244	
ACF6B059C6A3809C8637C0E0A2E30003E89104DF	1.47.0.261	
B290EA25FF440108484A8FCEDFA6BD92990B5034	1.47.0.269	
B290EA25FF440108484A8FCEDFA6BD92990B5034	1.47.0.269	
409B8F4E80925528901EA58997A388D37CE43A9C	1.0.5851.0	
06989C0C6B494885FE03FD871846DB0F955DDBD5	1.47.0.372	
FDDCCC49977BF64FE8C6E336F694BDDC5B7DB27C	1.47.0.378	
0E786AE2C6263AD41DE10D8048401DA28EFD1863	1.0.5868.0	
51DB2229CD0DA024584953F3C57524E610BD34B1	1.47.0.466	
30C800667DCCBB300E5E79CFAB08FBD80A3A4C04	1.47.0.482	
1F12144FF31A7DC6202938D28BA3F27ED77F9821	1.48.0.21	
23EFD3FE1016A84BCACAE6AE2DCC3D7880187A0F	1.48.0.36	
D3D2DDA2C4DC5F18F5CA53086C9D0AFB0047F90A	1.48.0.51	
D18AE1E1866E9400AC94C6AC2D98DF3C461AC6F3	1.48.0.66	
45CD9020B0FBA37FC9EB7D12DBAAEB74AE9E02EA	1.48.0.114	
04F5EA7F45AD9BE93C33B11E1C7163D524BCCB90	1.48.0.129	
B1A2B96BECACDC514704191493B7594C9A52DBC6	1.48.0.145	
9913B4C62E724237CBDE649A4B93B1A4A7719394	1.48.0.158	
B20897F80184541352085FD750D341BB822CF62B	1.48.0.173	
1219C64EDD40A5AD94CCBF06E3DFD479D72C9F2A	1.48.0.220	
0E385163148B2F7EC8F64BC73ABD9A348647347A	1.48.0.250	
023EF5F39E7BB1F11C7F75603BFB35D3B1264AB0	1.48.0.255	
EE38805B924F73862D2D9B4B325D6AA4FC0AEE49	1.48.0.282	
A7802E5FAF02D37C18DFBD4FFF8B6BDC96F1A159	1.48.0.329	
D762CCAED06D8932CEA03BD275714E2127BD4344	1.48.0.346	
3B6E7D7194BE196BA1D50437E6171944B9148AEB	1.48.0.365	
320F6B902516B2EDDC01371787D9B3CDA8844F4C	1.48.0.384	
4FECD6E2341945091382851186332CDAB09BE28C	1.48.0.392	
634D226D511D0F49A009F2DF74436FAF27543486	1.48.0.406	
93B8B047945F5B2D81AD931CADF637D1BA92165A	1.48.0.453	
B60D3CFA0AD29717F5517FB44EA23559E423E390	1.48.0.468	
3AEF07F223AA819A0AC05C64B7ACADBC23922954	1.48.0.484	
9D347505FBC74FA8744F9B2D02200DF9F7D8301D	1.48.0.493	
C9211273C3CBAEF758F3D7913477C991A16AB57D	1.48.0.518	
DC8D975B7CD782D802F1E8DAB54E2BE79464F358	1.48.0.565	
5B3B3442954D85E67611E398A557C53F53CF4ADE	1.48.0.585	
DC570DAEDE6F1C5D1D98DDBC721B7B0ECAB84080	1.48.0.611	
33D3CC85438588E381610A1C489390B3C178142B	1.48.0.657	
BBC031F855BCC2D9EC47013783B8ACB554253C48	1.48.0.662	
CE3E115A1FCEBE76767B0CAAF0513CD60170F83C	1.48.0.709	
0F25019239DBF8E6606AEF4513B5B43566737C93	1.48.0.758	
7C2B7D1BAC4B1BC81BEE05ED3F4FEBBA93B5A38B	1.48.0.771	
68AEAFC70D685D738952532CFB991D13B87D8CF6	1.48.0.774	
5E4139F8BBCF0114E3584EB97F2D42B02CF180C2	1.48.0.790	
1D3A5CBE695ACB27F7C0E8CEEBE199BBD6B8CC1D	1.48.0.840	
6DD23F26B34BAF6CD31817D845ABFEBE66F3F3F4	1.48.0.877	
40CB91B131C6C05B8E9F0FBA9E2BDA46061EA2BC	1.48.0.881	
A69F602B7DD6F431FD6D4464E1BB0F7A8301CB06	1.48.0.890	
FB109BAFBFAE21732011BFB339177731B14A657F	1.48.0.902	
5E1D2C43FEE47140486F984A090F9F045ED75243	1.48.0.932	
BB8B53388C296DECE2CC4739DF0373C62CA2B91D	1.48.0.939	
85FF8021921D55062DA4566AA54DB9FC74EC39C2	1.48.0.946	
C2732B75E26255FC80B7EB292B22DA063CAB7254	1.48.0.1033	
24A55C9EF1E5DB9C9AA129C4D9FA9F1F4A117D5F	1.48.0.1050	
1B05BDC1AEEF31BB9B242341B5C6649F067845C1	1.48.0.1059	
2FAD56A61B3AB668D5DB1799B2A9B50E5C0EA908	1.48.0.1069	
FF5E96F4C87BCEADCB67E97DA0A3AE74A5BE5F76	1.48.0.1078	
2054D34D0DCF64E0E21B82CC865410E2332C4916	1.48.0.1114	
1D6DF5280A5BAD2DEAFDD84022679869B0A49AE6	1.48.0.1126	
183ADD04813BF78C3D542CF9AB5ECCEB941BEE92	1.48.0.1137	
064F006AF758AB5F9876324946774389F54E9E28	1.48.0.1213	
36B852B9656F3BEB9A3BCE74C6F588873EAC2133	1.48.0.1227	
146FC844DC7EBF16B9F5813117E77ECAB1DD0FA7	1.48.0.1400	
424DA5907CCE073E757B0B680216A0EE5CFA7A58	1.48.0.1425	
C2567FF733772D45AE5C8B1662EEE06F03F36DC6	1.48.0.1447	
C7EC583A82C893CC332D98560828379DD02F8539	1.48.0.1487	
E6AAF5848265BC2AD768931997E881B14C264134	1.48.0.1495	
66F51E06C344CF102CE2FC11FA4BD3DDC3EA8630	1.48.0.1502	
2AFC491BEA2F61D193959583329B9701EF7182D9	1.48.0.1563	
03BB5A4B38A16AF038A64C7A9B5D3F959CA9A409	1.0.6213.0	
2CF51BA98C4BA9013EF7A20BF716CCC1FC1321FD	1.49.0.22	
362693D06978690601F335C21AE98A3DB14267BF	1.48.0.1618	
F96019EE1F3C6CFD39DF53ACC2E1CA866C716CC9	1.49.0.112	
90460356A999E3D43E73FE25EE0CD558C97ED822	1.49.0.181	
30B7C7304828FCFE8DB7D01781390F2CD8C85112	1.49.0.191	
D0E970C6F1AEBFC6084B8C5B56D4BF95E8C365D6	1.49.0.213	
39501A5119FF66CB874ACBCBBB72E9EDD8A577F6	1.49.0.255	
E76F957A992B907C27DD85204E61D259427E532A	1.49.0.285	
E35CAFA416E4539339A4540B4E485F30940145B1	1.49.0.341	
CF4F8AFCD7C6198D2D6DAD17BE97289D71C16826	1.48.0.1668	
D95D7F016BA986085A7C4760F411DE30A06C9572	1.48.0.1712	
8BD9257F1F6E017965ED074852753F73DA92C287	1.0.6308.0	
B2C8F67E6FEB598F9A5E006F50DEF590476CB955	1.0.6311.0	
51A766CAA974FD886F98D48F2518240740002987	1.0.6316.0	
9668354A10B573EA063B35CAF2009CE8F70A885E	1.48.0.1891	
F7D98C1271E694F0638601E779389B46FC38849A	1.50.0.28	
F2C72665485E3A93B49486F1E79A81EBDD42BE20	1.50.0.38	
DCD7CFD6E3BAC9E5448697B2316FEF7D883DD1C6	1.50.0.63	
1797EE5E71D93FAACA053EF5C29D65421221132F	1.50.0.90	
1CD93FACBFF7BB91D3615AAE695EC53202C88DA7	1.50.0.102	
1DB20C1F7119FD1E0E59D8FE05F5772E34CC9E34	1.50.0.115	
63555A76FF98765D8A0FAD9F8EDD4D31A1911D02	1.50.0.125	
1D6A787EAF25CA1FCE5C90F62C0CCE317A48593C	1.50.1.1	
7827A0A1D534C34E4C815C76B6AA13BD6136F5AC	1.50.0.177	
AB11437DE3951173D0B27F7710BAECE518A12B64	1.50.0.188	
A174CF11433253B6847399D60CAB4B64023966D1	1.50.0.202	
2BE0B7D1D09A2ACFC17D4821B6ABBE35F50BF474	1.50.0.205	
1F6383387CFFF781F18707F4A2A7F9CF7ED6D4B5	1.50.0.225	
ED0BC355CBE03DE259D178F0C751D62BE0043F3C	1.50.0.237	
A6237ABA2BA25E1489DB17FB5265BCB0C1A33419	1.50.0.267	
A79FE463EC89093484C31CD90DFF0761F17F5398	1.50.0.283	
0632546DE118CFD311A67A94B103D02E7E3A4150	1.50.0.298	
2D37E6713E772554C59AB525A6C24C28A61EB408	1.50.0.344	
7CF416E6B6915DE8C2D3075F373BA645D9F2B7C9	1.50.0.369	
E67F6460818BD3955FD320D6785C3AFEB3FFB801	1.50.0.380	
95A7AA4248A2C0D246273D04786C7D62C2B1141D	1.50.0.392	
908F6E2B082D4B4395A3E5D99B73AE27A3E8ED41	1.50.0.402	
DB803977873F45CF9310746517A5698ABB6E05F9	1.51.0.8	
186A0F444F4F5FD820B08619EAF637680C85C8DE	1.51.0.43	
496E5DFE9656201F394C3F3BB085338C2C583CB4	1.51.0.64	
AF25FB61C2543520D5B0C2096170B8938C43525D	1.51.0.100	
A4B280DC4C6E1782FEB33F7573C7C9120F7DFAB2	1.51.0.111	
34E7ED7A9927749D590958E8F41651F816587D94	1.51.0.173	
2FD04C4D57A301B743F6C57A02BA0C5D13B25D7C	1.51.0.182	
895C369BD12CD92B1A8E68585843301575CDD238	1.51.0.245	
90141D8CF53080C03766C244364F6F4536F79D1E	1.51.0.254	
8AF0EEB3009B6283A68EEAB730D8D57DC925052B	1.51.0.268	
537F483A93F1E5EAA1162132DBDDA25A06BF8AEE	1.51.0.297	
B90BDF4C5AAFACDD4F1C56682B8D700ECE55D8A4	1.51.0.310	
28CC923B8B511A11C9B61473886128411ABF6A21	1.51.0.317	
8A3125C1CA9579696C2F21BDB053AB4C33242681	1.52.0.116	
907F4BD53A31F282E770E4F87AACD71625686AD8	1.52.0.140	
3E7D6868603F268F83A9DD728FA07C8AC34F0453	1.52.0.199	
586EAC821FB20B7D24D9A6218406859E3B14AF07	1.52.0.209	
C277DAD89278735A3A316114D0B470D5DE21C403	1.52.0.226	
D7772BEC1778B2E73EBD45FE8F6AF479AABA27C3	1.52.0.236	
054B7B4311F5296C8A7AB9FFDD37452FE5E2A97E	1.52.0.239	
28F39A8F6935A19BFE199ACA0F2B34D3DCA17CF2	1.52.0.256	
E760F747E0D739D6E965FE204A69E6BF45A142F7	1.52.0.293	
BD26318F52FE6CD77209B8F7400A6801FD7316C2	1.52.0.311	
573358BE6910E9E3F19FEAD27ACA200DF5EB285C	1.52.0.320	
517D5803E1EB065FB580A25573A1C6E020B7F2A6	1.52.0.354	
531AD83C8CF9AC72F1A896442C1D424DD76BDBA2	1.52.0.396	
E8FB6F598AA2E9D8FF0DFB2E96E0EB4C4B5B5BB9	1.52.0.433	
0409EB39BB7847D40DC8CE6BACC4D20BA4F85BA5	1.52.0.519	
892E3A5875591BC52AF7CBCEA3BA9BAB1439CA5D	1.52.0.529	
D5DC5D8A8FFCF017CE8A0187EE750F0A9CA4802A	1.52.0.539	
F0F46668C0AA9FACD41979DCFF23394195A381F7	1.52.0.576	
5C12DFFD7DE2B786C0F84F5EC4B40D1473955ECC	1.52.0.585	
2153976355ADBF41CBB8835580449AE9A271D91D	1.52.0.763	
93515AD1C8F342874EA0F41D5127429DEED044DA	1.52.0.803	
E872910C81A702EA05E158E70270D75D81E27A94	1.52.0.837	
F0B11414EEB3BF439AB807FFF118787BA4C43993	1.52.0.845	
D7C78A7EC48BC982546B79A755BB2B900BFB50D9	1.52.0.855	
295582D655E1FED85140EB9CD2243BD21BBE6EF5	1.52.0.862	
7D9AD6FDB964617C0372D20039DB367A24387522	1.52.0.906	
2B306767070B8A56952EBD65A9F2282A436DECAF	1.52.0.913	
3543AFDD4BF965354313D0E39ED98329A462029B	1.52.0.921	
7D9F9873DDC6FBC4AB362F3D40F98D1F5BFD1B12	1.52.0.926	
11A6370FC2ED786B284DFF44765A430769B19D4A	1.52.0.1051	
F0CFA09C3AB9E2A3FA8B45B6669F61E1747ED9A3	1.52.0.1085	
A8CE6C7CF5BC77E8A58014F902FBACF56C5F8380	1.52.0.1094	
03876BB5F0A6CDC83C578A7056662E6323D81DEA	1.52.0.1101	
35B1551125922F27317ABEC2B1C709FF573339B5	1.52.0.1168	
16C5BEE9C8D764CD13CB40D4EB70CC6692243D7A	1.52.0.1175	
1BD05A36BB3B43263ECA28E0E265A5799EF6A5F3	1.52.0.1228	
D7C24695D85587A18F94046785F0112B3D896353	1.52.0.1237	
54051EE9898A8F87E83FEFDC6AA086272F89C32B	1.52.0.1246	
DAAB7DCC2DA2D6C0D20A05387459E0BA528F2DA3	1.52.0.1255	
33FF4E4EA42A0BF8A8AAE7A53B20EA673803E472	1.52.0.1284	
40FA0564B2947704D13F7918C26C50C01D1A4657	1.52.0.1318	
393FE67312D070E43575DEAE6A4B4A298399D38E	1.52.0.1352	
3E09B5C8846D22EEEC5E4EEFA7CBE804057B12B5	1.52.0.1335	
879F1689D98892290CA81A229451AE106F9029A9	1.52.0.1503	
6F36D2A27A9D8FBD2A7EFB13625D5912D4F3357B	1.52.0.1595	
65D34B6FA10419ACFE2EBA83278BFDA00C49E7C9	1.52.0.1604	
A82EA749034863BF32A0727E144EEC84F789674E	1.52.0.1610	
AABFC231A0BA96229BCAC1C931EAEA777B7470EC	1.52.0.1700	
4F639DC4D6DED306E842E06082883E8405B5E964	1.52.0.1927	
D86696464DAFC7FA10F50A552FB09E930053129A	1.0.7030.0	
BF6C7C40180E2C0090EE7C82872980EF58C46336	1.0.7036.0	
3F5FA099E7680535D379325450E3DF1EA28907B7	1.0.7040.0	
085DFB277CDC5455F84F5606440242BE022AA5F2	1.0.7042.0	
3A2A7E2021DBDD2BB213D1AE1337538258BDA2A8	1.0.7044.0	
A9B8C65C19E3664378BCC927F8A737D8E3D7065D	1.53.0.15	
02F3D2BB66938F38627E90CB2097A4DA2DA5F469	1.53.0.24	
226C986C02424F6447F8FCEE07B73633C64ECAC7	1.53.0.33	
88ACFFEC982BB09347687F98BB65FA2C6D8D1006	1.53.0.42	
594537C7EB3D1AE816C63671C6D62D75527A9609	1.53.0.53	
EE8ED47BB75B59F3C9E45FAFFCC328CED7173846	1.53.0.62	
84995A62E0AD798E02649171D6417CB670D73B8D	1.53.0.73	
4C39A09877EAEFEC3A46E53B997FF5AF4CDACDEF	1.53.0.82	
3C0319B5EE810D950026032AB8D010F051A04D33	1.53.0.111	
88F604B6C584BA604536E2C873443840A2CC19B3	1.53.0.123	
4283F7606A699398717510F5FDAFC762C9CBC4E7	1.53.0.131	
FCF6218220DCCA2BEA699B1263DCAF975432359C	1.53.0.142	
60C4190B2E57899EE1680DBC63EEB43EBD8EFD49	1.53.0.153	
4449383D171F05AC30DB4E1E1EEB974E99E8DEF2	1.53.0.184	
4F8FAECF475FB288356F544059C7DE01838F7B51	1.53.0.192	
95028D10B652B657CE3BBA083CCEFB4FAC0E356E	1.53.0.203	
